"ID ","Full Name ","Mobile Number ","Email Address ","City ","Program  ","Query ","Landing Page Name","Landing Page Link","Form Name","Enquiry At"
505,"Jitendra pandey",7974432746,Panditjitendra6665@gmail.com,Panna,"BBA LLB",,"Facebook | RCCM Law",http://renaissancelawcollege.com/campaign/facebook/,"Top Form","2018-06-25 05:15:44"
506,"Jitendra pandey",7974432746,Panditjitendra6665@gmail.com,Panna,"BBA LLB",,"Facebook | RCCM Law",http://renaissancelawcollege.com/campaign/facebook/,"Top Form","2018-06-25 05:16:29"
507,"Jitendra pandey",7974432746,Panditjitendra6665@gmail.com,Panna,"BBA LLB",,"Facebook | RCCM Law",http://renaissancelawcollege.com/campaign/facebook/,"Top Form","2018-06-25 05:17:15"
508,"Jitendra pandey",7974432746,Panditjitendra6665@gmail.com,Panna,"BBA LLB",,"Facebook | RCCM Law",http://renaissancelawcollege.com/campaign/facebook/,"Top Form","2018-06-25 05:17:17"
509,"Om choudhary",7389176849,Omyoomyo335@gmail.com,Dhar,"BCOM LLB",,"Facebook | RCCM Law",http://renaissancelawcollege.com/campaign/facebook/,"Top Form","2018-06-25 06:24:04"
510,"Shyam singh Rajpoot",6264886202,Shyamrajpoot181@gamli.com,"Sagar deori","BA LLB",,"Facebook | RCCM Law",http://renaissancelawcollege.com/campaign/facebook/,"Top Form","2018-06-25 16:51:52"
