"ID ","Full Name ","Mobile Number ","Email Address ","City ","Program  ","Query ","Landing Page Name","Landing Page Link","Form Name","Enquiry At"
466,"Adarsh ",8223814070,Adarshkori21362@gmail.com,Nowrozabad,"BBA LLB",,"Facebook | RCCM Law",http://renaissancelawcollege.com/campaign/facebook/,"Top Form","2018-06-22 18:04:34"
467,"Adarsh ",8223814070,Adarshkori21362@gmail.com,Nowrozabad,"BBA LLB",,"Facebook | RCCM Law",http://renaissancelawcollege.com/campaign/facebook/,"Top Form","2018-06-22 18:04:35"
468,"Adarsh ",8223814070,Adarshkori21362@gmail.com,Nowrozabad,"BBA LLB",,"Facebook | RCCM Law",http://renaissancelawcollege.com/campaign/facebook/,"Top Form","2018-06-22 18:04:36"
469,"Adarsh ",8223814070,Adarshkori21362@gmail.com,Nowrozabad,"BBA LLB",,"Facebook | RCCM Law",http://renaissancelawcollege.com/campaign/facebook/,"Top Form","2018-06-22 18:04:36"
470,"Adarsh ",8223814070,Adarshkori21362@gmail.com,Nowrozabad,"BBA LLB",,"Facebook | RCCM Law",http://renaissancelawcollege.com/campaign/facebook/,"Top Form","2018-06-22 18:04:36"
471,"Adarsh ",8223814070,Adarshkori21362@gmail.com,Nowrozabad,"BBA LLB",,"Facebook | RCCM Law",http://renaissancelawcollege.com/campaign/facebook/,"Top Form","2018-06-22 18:04:36"
472,"Akash Patel",9111583807,vermaakash6289@gemial.com,Bhopal,"BA LLB",,"Facebook | RCCM Law",http://renaissancelawcollege.com/campaign/facebook/,"Top Form","2018-06-23 02:59:08"
473,"Akash Patel",9111583807,vermaakash6289@gemial.com,Bhopal,"BA LLB",,"Facebook | RCCM Law",http://renaissancelawcollege.com/campaign/facebook/,"Top Form","2018-06-23 02:59:38"
